model, count, mean, std, min, 25%, 50%, 75%, max
amino-acid,10000.0,68.88139278319609,1.274456920089755,66.26740035915067,68.32038569282686,68.8741381624734,69.36066044120514,71.41669455615063
amino-acid NORM,10000.0,5979.755815750552,628.3711475392832,4285.727463053268,5446.823891966541,5612.703217359876,6657.770380276828,6920.413087356414
