model, count, mean, std, min, 25%, 50%, 75%, max
Higgs,10000.0,545.1239789473684,40.03670191685475,356.3157894736841,520.2105263157896,547.2982456140348,572.9824561403508,683.4736842105266
Higgs NORM,10000.0,2085.2674426224107,264.0859590757992,1391.801242236024,1903.076923076923,2037.320833879638,2217.7464644394345,3610.0
