model, count, mean, std, min, 25%, 50%, 75%, max
Koonin,10000.0,58.094622631578936,9.900980753266108,25.462456140350866,51.16429824561402,58.512456140350885,65.3640350877193,85.72210526315786
Koonin NORM,10000.0,904.1649663657488,242.05759890032152,400.7559823197683,694.9174107373975,914.863587867703,1063.0681222209926,2138.9971830985924
