model, count, mean, std, min, 25%, 50%, 75%, max
neutral,10000.0,5.745750877192974,0.10115105980392265,5.684210526315782,5.684210526315783,5.684210526315783,5.859649122807009,6.035087719298239
neutral NORM,10000.0,2830.1688888888866,56.35848851702296,2799.9999999999977,2799.9999999999977,2799.9999999999977,2888.8888888888864,2999.9999999999977
