model, count, mean, std, min, 25%, 50%, 75%, max
PAM250,10000.0,-4.7373824561403515,1.6621535821696243,-9.578947368421051,-5.929824561403507,-4.842105263157896,-3.6842105263157885,3.999999999999999
PAM250 NORM,10000.0,4125.707585085503,717.3190436379867,1840.0,3620.0,4190.0,4677.142857142856,6003.636363636366
