model, count, mean, std, min, 25%, 50%, 75%, max
SeqPredNN,10000.0,5.438459080137958,0.13149847007431473,5.044025147550448,5.388256327678774,5.43671986067795,5.476915251931572,5.818132362465283
SeqPredNN NORM,10000.0,2790.2911999776884,133.2247151234881,2469.428001433451,2721.09803480922,2747.686113010155,2825.292088506308,3296.7425647028626
