model, count, mean, std, min, 25%, 50%, 75%, max
amino-acid,10000.0,3528.4836738818703,6.263851555699613e-11,3528.4836738818426,3528.483673881865,3528.4836738818703,3528.4836738818753,3528.483673881899
amino-acid NORM,10000.0,350283.2857882851,8.026600193810753e-08,350283.28578828106,350283.28578828444,350283.28578828514,350283.2857882858,350283.28578828863
