model, count, mean, std, min, 25%, 50%, 75%, max
Higgs,10000.0,5306.701626457665,160.1616511666521,4739.147475812557,5197.6586837695695,5305.099481736115,5411.890944046091,5882.0177185532375
Higgs NORM,10000.0,8866.447821091551,1671.8090986299696,5067.430813156109,7305.884780305029,8907.700780899964,10111.618444951622,15353.666204535757
