model, count, mean, std, min, 25%, 50%, 75%, max
Koonin,10000.0,553.557019383919,45.58095394158549,372.40851501784704,523.576251468019,554.6523350606215,584.41510212393,742.7750133601737
Koonin NORM,10000.0,3949.011791190703,1422.5015065349876,1345.5515843123421,2978.506253019671,3619.5543350989283,4601.692038467557,11578.389505324727
