model, count, mean, std, min, 25%, 50%, 75%, max
neutral,10000.0,55.38883781866537,1.1868957541485439,51.92118042803897,54.556208909014,55.309750677132385,56.18040439388377,59.86223832528172
neutral NORM,10000.0,11285.454227128837,1003.1368657294926,10384.236085607841,10914.050487737279,11071.540332811175,11255.927161942385,17233.459459836664
