model, count, mean, std, min, 25%, 50%, 75%, max
PAM250,10000.0,-59.81957643828781,7.104851760318512,-85.74287609871698,-64.61109173630798,-59.846537096747014,-55.06148396811655,-33.25462412133573
PAM250 NORM,10000.0,192624.13513858957,42519.01716821914,45520.86154715277,163096.8128439671,193723.18654262123,221853.76731640156,313572.90641474933
