model, count, mean, std, min, 25%, 50%, 75%, max
SeqPredNN,10000.0,52.70288753160671,1.1517699765480742,49.48995069086095,51.884876105483606,52.63800337590345,53.46701497810839,57.25353508893295
SeqPredNN NORM,10000.0,11059.569301582893,1035.9942482606232,9955.765906237522,10613.416933518187,10818.805138511887,11066.359815421438,17827.305791420007
