 ,UU,UC,UA,UG,CU,CC,CA,CG,AU,AC,AA,AG,GU,GC,GA,GG
UU,0.0,-0.0,-,-,-0.07894736842105263,-0.10526315789473684,-0.05263157894736842,-0.07894736842105263,-0.07894736842105263,-0.05263157894736842,-0.0,-0.0,0.0,-0.0,-0.0,-0.15789473684210525
UC,-0.0,0.0,-,-,0.0,-0.06,-0.03,0.06,0.0,0.09,0.0,0.0,-0.02,0.01,0.0,-0.09
UA,-,-,-,-,-,-,-,-,-,-,-,-,-,-,-,-
UG,-,-,-,-,-,-,-,-,-,-,-,-,-,-,-,-
CU,-0.08571428571428572,0.0,-,-,0.0,-0.0,-0.0,0.0,0.0,0.0,0.0,0.0,-0.0,0.0,0.0,-0.0
CC,-0.25806451612903225,-0.12903225806451613,-,-,-0.0,0.0,0.0,-0.0,-0.0,-0.0,0.0,0.0,-0.0,0.0,0.0,-0.0
CA,-0.06451612903225806,-0.03225806451612903,-,-,-0.0,0.0,0.0,-0.0,-0.0,0.0,0.0,0.0,-0.0,0.0,0.0,-0.0
CG,-0.0,0.0,-,-,0.0,-0.0,-0.0,0.0,0.0,0.0,-0.0,-0.0,-0.0,-0.0,0.0,-0.0
AU,-0.0,0.0,-,-,0.0,-0.0,-0.0,0.0,0.0,0.0,0.0,0.0,-0.0,0.0,0.0,-0.0
AC,-0.0,0.0,-,-,0.0,-0.0,0.0,0.0,0.0,0.0,0.0,0.0,-0.15384615384615385,0.15384615384615385,0.0,-0.0
AA,-0.0,0.0,-,-,0.0,0.0,0.0,-0.0,0.0,0.0,0.0,0.0,-0.0,0.0,0.0,-0.0
AG,-0.0,0.0,-,-,0.0,0.0,0.0,-0.0,0.0,0.0,0.0,0.0,-0.0,0.0,0.0,-0.0
GU,0.0,-0.0,-,-,-0.25,-0.375,-0.125,-0.25,-0.5,-0.5,-0.0,-0.0,0.0,-0.0,-0.0,-0.0
GC,-0.0,0.0,-,-,0.0,0.0,0.0,-0.07407407407407407,0.0,0.2962962962962963,0.0,0.0,-0.0,0.0,0.0,-0.18518518518518517
GA,-0.0,0.0,-,-,0.0,0.0,0.0,0.0,0.0,0.0,0.0,0.0,-0.0,0.0,0.0,-0.0
GG,-1.7999999999999998,-0.8999999999999999,-,-,-0.0,-0.0,-0.0,-0.0,-0.0,-0.0,-0.0,-0.0,-0.0,-0.0,-0.0,0.0
