 ,UU,UC,UA,UG,CU,CC,CA,CG,AU,AC,AA,AG,GU,GC,GA,GG
UU,*,0.9656366135519014,-,-,0.9504021788932444,-,-,-,0.9504021788932444,-,-,-,0.9585984829201242,-,-,-
UC,0.9726360364175313,*,-,-,-,0.9640398052085539,-,-,-,0.9673089138259581,-,-,-,0.9788354859199662,-,-
UA,-,-,-,-,-,-,-,-,-,-,-,-,-,-,-,-
UG,-,-,-,-,-,-,-,-,-,-,-,-,-,-,-,-
CU,0.9952020163678049,-,-,-,*,0.991785730553742,0.9982842653467151,0.9991952748971319,0.12391248234918995,-,-,-,0.9912998587935197,-,-,-
CC,-,0.947959260941996,-,-,0.9643722550355899,*,0.995087460245343,0.9956080569438134,-,0.9714145085567166,-,-,-,0.9771505376344086,-,-
CA,-,-,-,-,0.9426128323246922,0.9724806551651461,*,0.975913046096408,-,-,0.9907265227471171,-,-,-,0.9285821816758498,-
CG,-,-,-,-,0.9337428197690951,0.983947562986976,0.972487630097253,*,-,-,-,0.9583262241938236,-,-,-,0.877566399363021
AU,0.9952020163678049,-,-,-,0.12391248234918995,-,-,-,*,0.9833437087198797,0.9996052291948194,0.9986334856743748,0.9912998587935197,-,-,-
AC,-,0.9743729157604756,-,-,-,0.9712072881929341,-,-,0.9235537190082644,*,0.9913609782030834,0.9079551495819438,-,0.9079551495819438,-,-
AA,-,-,-,-,-,-,0.9771091835543972,-,0.9454082228013536,0.9426270955696449,*,0.9536349138434012,-,-,0.8598156287681357,-
AG,-,-,-,-,-,-,-,0.9820905459387483,0.9431258322237017,0.8216045272969374,0.9911950732356858,*,-,-,-,0.9169940079893475
GU,0.9069772779435391,-,-,-,0.9155267385815928,-,-,-,0.9155267385815928,-,-,-,*,0.962588937342208,0.9393848978655038,0.9023066330043608
GC,-,0.9663448735019974,-,-,-,0.9579560585885486,-,-,-,0.8216045272969374,-,-,0.9732689747003994,*,0.941844207723036,0.9169940079893475
GA,-,-,-,-,-,-,0.9769560218816722,-,-,-,0.9811251626596591,-,0.9757305471681427,0.959483531893927,*,0.8399176278852349
GG,-,-,-,-,-,-,-,0.9689084002058176,-,-,-,0.9672333950056381,0.9743275346769867,0.9672333950056381,0.8619379700688613,*
