 ,UU,UC,UA,UG,CU,CC,CA,CG,AU,AC,AA,AG,GU,GC,GA,GG
UU,*,96.12094358834446,-,-,94.38124268143005,-,-,-,94.38124268143005,-,-,-,95.31722211672901,-,-,-
UC,96.9202448148126,*,-,-,-,95.93859557311886,-,-,-,96.31191242759549,-,-,-,97.62819283936417,-,-
UA,-,-,-,-,-,-,-,-,-,-,-,-,-,-,-,-
UG,-,-,-,-,-,-,-,-,-,-,-,-,-,-,-,-
CU,99.49717376980962,-,-,-,*,99.10704997052397,99.84915213094288,99.95318514408572,0.0,-,-,-,99.0515656968478,-,-,-
CC,-,94.10227292176856,-,-,95.97655978239585,*,99.48409199850632,99.54354169708446,-,96.78075206861656,-,-,-,97.43577965658665,-,-
CA,-,-,-,-,93.49173587706167,96.90250100536063,*,97.29446393341112,-,-,98.98609341236585,-,-,-,91.88950145187285,-
CG,-,-,-,-,92.47882209108501,98.2119680373916,96.90329750985744,*,-,-,-,95.28613144853733,-,-,-,86.06373864904103
AU,99.49717376980962,-,-,-,0.0,-,-,-,*,98.14301071540035,100.0,99.88903145264764,99.0515656968478,-,-,-
AC,-,97.11858828050886,-,-,-,96.7570884760461,-,-,91.31527462566027,*,99.05854524644255,89.53399123802129,-,89.53399123802129,-,-
AA,-,-,-,-,-,-,97.43105721482151,-,93.81095634414112,93.49336467266424,*,94.75040583389438,-,-,84.03668399330405,-
AG,-,-,-,-,-,-,-,97.99990540984136,93.55031805681107,79.67315562004299,99.03959967814873,*,-,-,-,90.56618642748278
GU,89.42232288837158,-,-,-,90.39863115047038,-,-,-,90.39863115047038,-,-,-,*,95.77291327512425,93.12312091812592,88.88895716666124
GC,-,96.20182354911233,-,-,-,95.24386027447446,-,-,-,79.67315562004299,-,-,96.99252339484518,*,93.40396255651918,90.56618642748278
GA,-,-,-,-,-,-,97.41356687094498,-,-,-,97.88966317218816,-,97.27362341270077,95.4182905539167,*,81.76442572068777
GG,-,-,-,-,-,-,-,96.49456626201642,-,-,-,96.30328853290274,97.11340597385481,96.30328853290274,84.27904540469756,*
