 ,UU,UC,UA,UG,CU,CC,CA,CG,AU,AC,AA,AG,GU,GC,GA,GG
UU,*,9.56140350877193,-,-,2.1052631578947367,-,-,-,1.0526315789473684,-,-,-,1.9298245614035086,-,-,-
UC,9.56140350877193,*,-,-,-,4.035087719298246,-,-,-,5.964912280701754,-,-,-,5.0,-,-
UA,-,-,-,-,-,-,-,-,-,-,-,-,-,-,-,-
UG,-,-,-,-,-,-,-,-,-,-,-,-,-,-,-,-
CU,2.1052631578947367,-,-,-,*,7.456140350877193,1.8771929824561402,2.5789473684210527,0.0,-,-,-,1.7543859649122806,-,-,-
CC,-,4.035087719298246,-,-,7.456140350877193,*,1.0877192982456139,1.8771929824561402,-,4.473684210526316,-,-,-,4.2105263157894735,-,-
CA,-,-,-,-,1.8771929824561402,1.0877192982456139,*,5.614035087719298,-,-,5.175438596491228,-,-,-,7.63157894736842,-
CG,-,-,-,-,2.5789473684210527,1.8771929824561402,5.614035087719298,*,-,-,-,11.052631578947368,-,-,-,14.82456140350877
AU,1.0526315789473684,-,-,-,0.0,-,-,-,*,8.596491228070175,2.3684210526315788,2.1578947368421053,3.508771929824561,-,-,-
AC,-,5.964912280701754,-,-,-,4.473684210526316,-,-,8.596491228070175,*,1.543859649122807,0.7192982456140351,-,7.19298245614035,-,-
AA,-,-,-,-,-,-,5.175438596491228,-,2.3684210526315788,1.543859649122807,*,5.0,-,-,7.017543859649122,-
AG,-,-,-,-,-,-,-,11.052631578947368,2.1578947368421053,0.7192982456140351,5.0,*,-,-,-,9.473684210526315
GU,1.9298245614035086,-,-,-,1.7543859649122806,-,-,-,3.508771929824561,-,-,-,*,10.43859649122807,2.7368421052631575,2.6666666666666665
GC,-,5.0,-,-,-,4.2105263157894735,-,-,-,7.19298245614035,-,-,10.43859649122807,*,1.4035087719298245,0.9473684210526315
GA,-,-,-,-,-,-,7.63157894736842,-,-,-,7.017543859649122,-,2.7368421052631575,1.4035087719298245,*,9.736842105263158
GG,-,-,-,-,-,-,-,14.82456140350877,-,-,-,9.473684210526315,2.6666666666666665,0.9473684210526315,9.736842105263158,*
