 ,UU,UC,UA,UG,CU,CC,CA,CG,AU,AC,AA,AG,GU,GC,GA,GG
UU,*,64.49704142011835,-,-,14.201183431952662,-,-,-,7.100591715976331,-,-,-,13.017751479289942,-,-,-
UC,64.49704142011835,*,-,-,-,27.21893491124261,-,-,-,40.23668639053255,-,-,-,33.72781065088758,-,-
UA,-,-,-,-,-,-,-,-,-,-,-,-,-,-,-,-
UG,-,-,-,-,-,-,-,-,-,-,-,-,-,-,-,-
CU,14.201183431952662,-,-,-,*,50.29585798816568,12.662721893491124,17.396449704142015,0.0,-,-,-,11.834319526627219,-,-,-
CC,-,27.21893491124261,-,-,50.29585798816568,*,7.337278106508875,12.662721893491124,-,30.177514792899412,-,-,-,28.402366863905325,-,-
CA,-,-,-,-,12.662721893491124,7.337278106508875,*,37.8698224852071,-,-,34.9112426035503,-,-,-,51.4792899408284,-
CG,-,-,-,-,17.396449704142015,12.662721893491124,37.8698224852071,*,-,-,-,74.55621301775149,-,-,-,100.0
AU,7.100591715976331,-,-,-,0.0,-,-,-,*,57.98816568047337,15.976331360946746,14.556213017751482,23.668639053254438,-,-,-
AC,-,40.23668639053255,-,-,-,30.177514792899412,-,-,57.98816568047337,*,10.414201183431954,4.852071005917161,-,48.5207100591716,-,-
AA,-,-,-,-,-,-,34.9112426035503,-,15.976331360946746,10.414201183431954,*,33.72781065088758,-,-,47.337278106508876,-
AG,-,-,-,-,-,-,-,74.55621301775149,14.556213017751482,4.852071005917161,33.72781065088758,*,-,-,-,63.905325443786985
GU,13.017751479289942,-,-,-,11.834319526627219,-,-,-,23.668639053254438,-,-,-,*,70.41420118343196,18.46153846153846,17.988165680473372
GC,-,33.72781065088758,-,-,-,28.402366863905325,-,-,-,48.5207100591716,-,-,70.41420118343196,*,9.467455621301776,6.390532544378698
GA,-,-,-,-,-,-,51.4792899408284,-,-,-,47.337278106508876,-,18.46153846153846,9.467455621301776,*,65.68047337278107
GG,-,-,-,-,-,-,-,100.0,-,-,-,63.905325443786985,17.988165680473372,6.390532544378698,65.68047337278107,*
