 ,UU,UC,UA,UG,CU,CC,CA,CG,AU,AC,AA,AG,GU,GC,GA,GG
UU,*,0.25350877192982435,-,-,0.0,-,-,-,0.0,-,-,-,0.04298245614035079,-,-,-
UC,0.25350877192982435,*,-,-,-,0.0,-,-,-,0.01403508771929827,-,-,-,0.07105263157894742,-,-
UA,-,-,-,-,-,-,-,-,-,-,-,-,-,-,-,-
UG,-,-,-,-,-,-,-,-,-,-,-,-,-,-,-,-
CU,0.0,-,-,-,*,0.25350877192982435,0.2149122807017544,0.3094736842105262,0.0,-,-,-,0.04298245614035079,-,-,-
CC,-,0.0,-,-,0.25350877192982435,*,0.05684210526315794,0.10964912280701754,-,0.01403508771929827,-,-,-,0.07105263157894742,-,-
CA,-,-,-,-,0.2149122807017544,0.05684210526315794,*,0.04298245614035079,-,-,0.2245614035087718,-,-,-,1.8561403508771925,-
CG,-,-,-,-,0.3094736842105262,0.10964912280701754,0.04298245614035079,*,-,-,-,0.2245614035087718,-,-,-,0.12631578947368408
AU,0.0,-,-,-,0.0,-,-,-,*,0.3868421052631577,0.4563157894736842,0.11859649122807013,0.08596491228070158,-,-,-
AC,-,0.01403508771929827,-,-,-,0.01403508771929827,-,-,0.3868421052631577,*,0.15789473684210525,0.0043859649122807015,-,0.043859649122807015,-,-
AA,-,-,-,-,-,-,0.2245614035087718,-,0.4563157894736842,0.15789473684210525,*,0.5482456140350876,-,-,1.5789473684210527,-
AG,-,-,-,-,-,-,-,0.2245614035087718,0.11859649122807013,0.0043859649122807015,0.5482456140350876,*,-,-,-,0.02807017543859654
GU,0.04298245614035079,-,-,-,0.04298245614035079,-,-,-,0.08596491228070158,-,-,-,*,0.31666666666666676,0.960701754385965,0.09280701754385971
GC,-,0.07105263157894742,-,-,-,0.07105263157894742,-,-,-,0.043859649122807015,-,-,0.31666666666666676,*,0.5307017543859649,0.0028070175438596537
GA,-,-,-,-,-,-,1.8561403508771925,-,-,-,1.5789473684210527,-,0.960701754385965,0.5307017543859649,*,2.2815789473684207
GG,-,-,-,-,-,-,-,0.12631578947368408,-,-,-,0.02807017543859654,0.09280701754385971,0.0028070175438596537,2.2815789473684207,*
