 ,UU,UC,UA,UG,CU,CC,CA,CG,AU,AC,AA,AG,GU,GC,GA,GG
UU,*,11.111111111111104,-,-,0.0,-,-,-,0.0,-,-,-,1.8838908112264476,-,-,-
UC,11.111111111111104,*,-,-,-,0.0,-,-,-,0.6151480199923118,-,-,-,3.1141868512110755,-,-
UA,-,-,-,-,-,-,-,-,-,-,-,-,-,-,-,-
UG,-,-,-,-,-,-,-,-,-,-,-,-,-,-,-,-
CU,0.0,-,-,-,*,11.111111111111104,9.419454056132258,13.564013840830446,0.0,-,-,-,1.8838908112264476,-,-,-
CC,-,0.0,-,-,11.111111111111104,*,2.4913494809688603,4.805843906189927,-,0.6151480199923118,-,-,-,3.1141868512110755,-,-
CA,-,-,-,-,9.419454056132258,2.4913494809688603,*,1.8838908112264476,-,-,9.842368319876966,-,-,-,81.35332564398308,-
CG,-,-,-,-,13.564013840830446,4.805843906189927,1.8838908112264476,*,-,-,-,9.842368319876966,-,-,-,5.53633217993079
AU,0.0,-,-,-,0.0,-,-,-,*,16.955017301038055,20.0,5.198000768935024,3.7677816224528953,-,-,-
AC,-,0.6151480199923118,-,-,-,0.6151480199923118,-,-,16.955017301038055,*,6.920415224913495,0.19223375624759712,-,1.922337562475971,-,-
AA,-,-,-,-,-,-,9.842368319876966,-,20.0,6.920415224913495,*,24.029219530949636,-,-,69.20415224913496,-
AG,-,-,-,-,-,-,-,9.842368319876966,5.198000768935024,0.19223375624759712,24.029219530949636,*,-,-,-,1.2302960399846237
GU,1.8838908112264476,-,-,-,1.8838908112264476,-,-,-,3.7677816224528953,-,-,-,*,13.879277201076516,42.10688196847367,4.067666282199157
GC,-,3.1141868512110755,-,-,-,3.1141868512110755,-,-,-,1.922337562475971,-,-,13.879277201076516,*,23.26028450595925,0.12302960399846236
GA,-,-,-,-,-,-,81.35332564398308,-,-,-,69.20415224913496,-,42.10688196847367,23.26028450595925,*,100.0
GG,-,-,-,-,-,-,-,5.53633217993079,-,-,-,1.2302960399846237,4.067666282199157,0.12302960399846236,100.0,*
