 ,UU,UC,UA,UG,CU,CC,CA,CG,AU,AC,AA,AG,GU,GC,GA,GG
UU,*,44.44444444444444,-,-,100.0,-,-,-,44.44444444444444,-,-,-,44.44444444444444,-,-,-
UC,44.44444444444444,*,-,-,-,100.0,-,-,-,44.44444444444444,-,-,-,44.44444444444444,-,-
UA,-,-,-,-,-,-,-,-,-,-,-,-,-,-,-,-
UG,-,-,-,-,-,-,-,-,-,-,-,-,-,-,-,-
CU,100.0,-,-,-,*,44.44444444444444,0.0,0.0,44.44444444444444,-,-,-,44.44444444444444,-,-,-
CC,-,100.0,-,-,44.44444444444444,*,0.0,0.0,-,44.44444444444444,-,-,-,44.44444444444444,-,-
CA,-,-,-,-,0.0,0.0,*,44.44444444444444,-,-,44.44444444444444,-,-,-,44.44444444444444,-
CG,-,-,-,-,0.0,0.0,44.44444444444444,*,-,-,-,44.44444444444444,-,-,-,44.44444444444444
AU,44.44444444444444,-,-,-,44.44444444444444,-,-,-,*,44.44444444444444,0.0,0.0,100.0,-,-,-
AC,-,44.44444444444444,-,-,-,44.44444444444444,-,-,44.44444444444444,*,0.0,0.0,-,100.0,-,-
AA,-,-,-,-,-,-,44.44444444444444,-,0.0,0.0,*,44.44444444444444,-,-,100.0,-
AG,-,-,-,-,-,-,-,44.44444444444444,0.0,0.0,44.44444444444444,*,-,-,-,100.0
GU,44.44444444444444,-,-,-,44.44444444444444,-,-,-,100.0,-,-,-,*,44.44444444444444,0.0,0.0
GC,-,44.44444444444444,-,-,-,44.44444444444444,-,-,-,100.0,-,-,44.44444444444444,*,0.0,0.0
GA,-,-,-,-,-,-,44.44444444444444,-,-,-,100.0,-,0.0,0.0,*,44.44444444444444
GG,-,-,-,-,-,-,-,44.44444444444444,-,-,-,100.0,0.0,0.0,44.44444444444444,*
