 ,UU,UC,UA,UG,CU,CC,CA,CG,AU,AC,AA,AG,GU,GC,GA,GG
UU,*,0.08771929824561403,-,-,0.17543859649122806,-,-,-,0.08771929824561403,-,-,-,0.08771929824561403,-,-,-
UC,0.08771929824561403,*,-,-,-,0.17543859649122806,-,-,-,0.08771929824561403,-,-,-,0.08771929824561403,-,-
UA,-,-,-,-,-,-,-,-,-,-,-,-,-,-,-,-
UG,-,-,-,-,-,-,-,-,-,-,-,-,-,-,-,-
CU,0.17543859649122806,-,-,-,*,0.08771929824561403,0.017543859649122806,0.017543859649122806,0.08771929824561403,-,-,-,0.08771929824561403,-,-,-
CC,-,0.17543859649122806,-,-,0.08771929824561403,*,0.017543859649122806,0.017543859649122806,-,0.08771929824561403,-,-,-,0.08771929824561403,-,-
CA,-,-,-,-,0.017543859649122806,0.017543859649122806,*,0.08771929824561403,-,-,0.08771929824561403,-,-,-,0.08771929824561403,-
CG,-,-,-,-,0.017543859649122806,0.017543859649122806,0.08771929824561403,*,-,-,-,0.08771929824561403,-,-,-,0.08771929824561403
AU,0.08771929824561403,-,-,-,0.08771929824561403,-,-,-,*,0.08771929824561403,0.017543859649122806,0.017543859649122806,0.17543859649122806,-,-,-
AC,-,0.08771929824561403,-,-,-,0.08771929824561403,-,-,0.08771929824561403,*,0.017543859649122806,0.017543859649122806,-,0.17543859649122806,-,-
AA,-,-,-,-,-,-,0.08771929824561403,-,0.017543859649122806,0.017543859649122806,*,0.08771929824561403,-,-,0.17543859649122806,-
AG,-,-,-,-,-,-,-,0.08771929824561403,0.017543859649122806,0.017543859649122806,0.08771929824561403,*,-,-,-,0.17543859649122806
GU,0.08771929824561403,-,-,-,0.08771929824561403,-,-,-,0.17543859649122806,-,-,-,*,0.08771929824561403,0.017543859649122806,0.017543859649122806
GC,-,0.08771929824561403,-,-,-,0.08771929824561403,-,-,-,0.17543859649122806,-,-,0.08771929824561403,*,0.017543859649122806,0.017543859649122806
GA,-,-,-,-,-,-,0.08771929824561403,-,-,-,0.17543859649122806,-,0.017543859649122806,0.017543859649122806,*,0.08771929824561403
GG,-,-,-,-,-,-,-,0.08771929824561403,-,-,-,0.17543859649122806,0.017543859649122806,0.017543859649122806,0.08771929824561403,*
