 ,UU,UC,UA,UG,CU,CC,CA,CG,AU,AC,AA,AG,GU,GC,GA,GG
UU,*,-0.17543859649122806,-,-,-0.5263157894736842,-,-,-,-0.2631578947368421,-,-,-,0.17543859649122806,-,-,-
UC,-0.17543859649122806,*,-,-,-,-0.3508771929824561,-,-,-,0.2631578947368421,-,-,-,0.08771929824561403,-,-
UA,-,-,-,-,-,-,-,-,-,-,-,-,-,-,-,-
UG,-,-,-,-,-,-,-,-,-,-,-,-,-,-,-,-
CU,-0.5263157894736842,-,-,-,*,-0.17543859649122806,-0.017543859649122806,0.05263157894736842,0.43859649122807015,-,-,-,-0.17543859649122806,-,-,-
CC,-,-0.3508771929824561,-,-,-0.17543859649122806,*,0.017543859649122806,-0.05263157894736842,-,-0.08771929824561403,-,-,-,0.0,-,-
CA,-,-,-,-,-0.017543859649122806,0.017543859649122806,*,-0.17543859649122806,-,-,0.0,-,-,-,0.0,-
CG,-,-,-,-,0.05263157894736842,-0.05263157894736842,-0.17543859649122806,*,-,-,-,-0.08771929824561403,-,-,-,-0.3508771929824561
AU,-0.2631578947368421,-,-,-,0.43859649122807015,-,-,-,*,0.08771929824561403,0.0,0.0,-0.3508771929824561,-,-,-
AC,-,0.2631578947368421,-,-,-,-0.08771929824561403,-,-,0.08771929824561403,*,0.03508771929824561,0.03508771929824561,-,0.3508771929824561,-,-
AA,-,-,-,-,-,-,0.0,-,0.0,0.03508771929824561,*,0.2631578947368421,-,-,0.3508771929824561,-
AG,-,-,-,-,-,-,-,-0.08771929824561403,0.0,0.03508771929824561,0.2631578947368421,*,-,-,-,-0.8771929824561403
GU,0.17543859649122806,-,-,-,-0.17543859649122806,-,-,-,-0.3508771929824561,-,-,-,*,-0.17543859649122806,-0.03508771929824561,-0.03508771929824561
GC,-,0.08771929824561403,-,-,-,0.0,-,-,-,0.3508771929824561,-,-,-0.17543859649122806,*,0.017543859649122806,-0.08771929824561403
GA,-,-,-,-,-,-,0.0,-,-,-,0.3508771929824561,-,-0.03508771929824561,0.017543859649122806,*,-0.3508771929824561
GG,-,-,-,-,-,-,-,-0.3508771929824561,-,-,-,-0.8771929824561403,-0.03508771929824561,-0.08771929824561403,-0.3508771929824561,*
