 ,UU,UC,UA,UG,CU,CC,CA,CG,AU,AC,AA,AG,GU,GC,GA,GG
UU,*,53.333333333333336,-,-,26.666666666666668,-,-,-,46.666666666666664,-,-,-,80.0,-,-,-
UC,53.333333333333336,*,-,-,-,40.0,-,-,-,86.66666666666667,-,-,-,73.33333333333333,-,-
UA,-,-,-,-,-,-,-,-,-,-,-,-,-,-,-,-
UG,-,-,-,-,-,-,-,-,-,-,-,-,-,-,-,-
CU,26.666666666666668,-,-,-,*,53.333333333333336,65.33333333333334,70.66666666666667,100.0,-,-,-,53.333333333333336,-,-,-
CC,-,40.0,-,-,53.333333333333336,*,68.0,62.66666666666667,-,60.00000000000001,-,-,-,66.66666666666667,-,-
CA,-,-,-,-,65.33333333333334,68.0,*,53.333333333333336,-,-,66.66666666666667,-,-,-,66.66666666666667,-
CG,-,-,-,-,70.66666666666667,62.66666666666667,53.333333333333336,*,-,-,-,60.00000000000001,-,-,-,40.0
AU,46.666666666666664,-,-,-,100.0,-,-,-,*,73.33333333333333,66.66666666666667,66.66666666666667,40.0,-,-,-
AC,-,86.66666666666667,-,-,-,60.00000000000001,-,-,73.33333333333333,*,69.33333333333334,69.33333333333334,-,93.33333333333333,-,-
AA,-,-,-,-,-,-,66.66666666666667,-,66.66666666666667,69.33333333333334,*,86.66666666666667,-,-,93.33333333333333,-
AG,-,-,-,-,-,-,-,60.00000000000001,66.66666666666667,69.33333333333334,86.66666666666667,*,-,-,-,0.0
GU,80.0,-,-,-,53.333333333333336,-,-,-,40.0,-,-,-,*,53.333333333333336,64.0,64.0
GC,-,73.33333333333333,-,-,-,66.66666666666667,-,-,-,93.33333333333333,-,-,53.333333333333336,*,68.0,60.00000000000001
GA,-,-,-,-,-,-,66.66666666666667,-,-,-,93.33333333333333,-,64.0,68.0,*,40.0
GG,-,-,-,-,-,-,-,40.0,-,-,-,0.0,64.0,60.00000000000001,40.0,*
