 ,UU,UC,UA,UG,CU,CC,CA,CG,AU,AC,AA,AG,GU,GC,GA,GG
UU,*,45.09659478653677,-,-,95.19956707381981,-,-,-,44.28038778814435,-,-,-,44.71951669956016,-,-,-
UC,45.47159904863379,*,-,-,-,96.66087841085597,-,-,-,45.186190706417065,-,-,-,45.8037435740752,-,-
UA,-,-,-,-,-,-,-,-,-,-,-,-,-,-,-,-
UG,-,-,-,-,-,-,-,-,-,-,-,-,-,-,-,-
CU,100.0,-,-,-,*,46.49757176906995,4.058114846781477,4.067876579163584,0.0,-,-,-,46.471540482717664,-,-,-
CC,-,94.93780130791075,-,-,45.02885493976115,*,4.023860150040842,4.029438495127513,-,45.40615391653225,-,-,-,45.713470018579656,-,-
CA,-,-,-,-,3.46157924488714,3.781621656375906,*,45.64716960925049,-,-,46.44082316999884,-,-,-,43.11134969563988,-
CG,-,-,-,-,3.366534479709813,3.9044929098724026,45.46364796413799,*,-,-,-,44.704930042243426,-,-,-,40.37810494549531
AU,46.680604251234456,-,-,-,0.0,-,-,-,*,46.045278168699014,4.0722693587355305,4.061856844194618,99.58187246296643,-,-,-
AC,-,45.56465488607301,-,-,-,45.39505178409882,-,-,42.841942493311834,*,3.9839298107742325,3.090212090982015,-,90.6512443876,-,-
AA,-,-,-,-,-,-,45.71125441358521,-,3.4915326671363074,3.46173207970656,*,44.45358626576337,-,-,85.49295467513474,-
AG,-,-,-,-,-,-,-,45.97813814972213,3.4670761880573693,2.164940050322316,46.465926444025015,*,-,-,-,91.61978436363498
GU,41.95383554949559,-,-,-,42.41188534009249,-,-,-,91.46256217771607,-,-,-,*,44.93331110014331,3.4269909880207186,3.029686592472112
GC,-,45.13454084366997,-,-,-,44.68509788146036,-,-,-,81.39852398100302,-,-,45.50550963787472,*,3.453343208656522,3.1870660885855115
GA,-,-,-,-,-,-,45.703048554164454,-,-,-,98.49162416993194,-,3.8164451947125664,3.6423536991378653,*,38.361017245848785
GG,-,-,-,-,-,-,-,45.27188551599326,-,-,-,97.00308084905326,3.8014115076769572,3.7253957371273385,39.54078911136125,*
