 ,UU,UC,UA,UG,CU,CC,CA,CG,AU,AC,AA,AG,GU,GC,GA,GG
UU,*,0.08470496610104399,-,-,0.16673722436723584,-,-,-,0.08336861218361792,-,-,-,0.08408758622106352,-,-,-
UC,0.08531895056294134,*,-,-,-,0.1691297903874656,-,-,-,0.08485165910754018,-,-,-,0.08586276192280405,-,-
UA,-,-,-,-,-,-,-,-,-,-,-,-,-,-,-,-
UG,-,-,-,-,-,-,-,-,-,-,-,-,-,-,-,-
CU,0.17459684497680786,-,-,-,*,0.08699874829418788,0.01751375904117044,0.017529741664861962,0.010869515995542978,-,-,-,0.08695612796434382,-,-,-
CC,-,0.1663086422705256,-,-,0.08459405745926227,*,0.017457674741146366,0.01746680801655813,-,0.08521179899620321,-,-,-,0.08571495944161478,-,-
CA,-,-,-,-,0.01653706723376653,0.017061064125704316,*,0.0856064075523165,-,-,0.08690583532869448,-,-,-,0.08145457733998682,-
CG,-,-,-,-,0.016381452978405178,0.01726223794713993,0.08530593246467132,*,-,-,-,0.08406370387665119,-,-,-,0.07697950871605447
AU,0.08729842248840393,-,-,-,0.010869515995542978,-,-,-,*,0.08625822006314735,0.017536933845523146,0.017519885713585523,0.17391225592868764,-,-,-
AC,-,0.08547130840004172,-,-,-,0.08519362177131,-,-,0.08101348412353196,*,0.01739229786321199,0.015929037711963925,-,0.15929037711963925,-,-
AA,-,-,-,-,-,-,0.0857113318907366,-,0.01658610917195357,0.01653731746613412,*,0.08365218542485975,-,-,0.1508448471523045,-
AG,-,-,-,-,-,-,-,0.08614829350339898,0.016546067231994765,0.014414114513981358,0.08694693624874436,*,-,-,-,0.1608761417525171
GU,0.07955941034592448,-,-,-,0.08030936303347305,-,-,-,0.1606187260669461,-,-,-,*,0.08443762608264982,0.01648043680465796,0.015829940929901067
GC,-,0.08476709416684187,-,-,-,0.0840312332095218,-,-,-,0.14414114513981358,-,-,0.08537447146494731,*,0.01652358259163221,0.01608761417525171
GA,-,-,-,-,-,-,0.08569789665628703,-,-,-,0.17212722151923843,-,0.017118079774879696,0.0168330444191917,*,0.07367698490221358
GG,-,-,-,-,-,-,-,0.08499196493033487,-,-,-,0.16969006929923475,0.01709346552064889,0.016969006929923473,0.07560859386568958,*
