model, count, mean, std, min, 25%, 50%, 75%, max
amino-acid,10000.0,181.93266523280892,6.821254214618718e-12,181.93266523280874,181.9326652328089,181.93266523280892,181.93266523280894,181.93266523280911
amino-acid NORM,10000.0,18002.4122913237,3.269381016750749e-09,18002.41229132368,18002.412291323697,18002.412291323704,18002.412291323708,18002.412291323722
