model, count, mean, std, min, 25%, 50%, 75%, max
Higgs,10000.0,290.3466641909824,45.05904915097457,157.37723714441876,259.3590482590886,288.0498874443484,320.1826573593827,475.79793504646636
Higgs NORM,10000.0,855.0449038304389,210.29107124139475,399.453829560272,709.3006696725624,820.255935568868,966.1574759138687,2162.5163457887966
