model, count, mean, std, min, 25%, 50%, 75%, max
Koonin,10000.0,30.774844732841355,11.239012978947237,5.3201267621079165,23.19241226857466,30.431709077698386,37.78319365467189,75.57268852860024
Koonin NORM,10000.0,543.2397678575336,226.49113816898048,155.63105214713528,366.7595674477755,506.8826444188438,679.3737127491727,1698.3500941176055
