model, count, mean, std, min, 25%, 50%, 75%, max
neutral,10000.0,3.0650525668354778,0.38082728506404095,2.136765334897762,2.8280774758788327,3.0483775540312035,3.305856646026424,4.043653916981589
neutral NORM,10000.0,1052.9464700443323,135.79773703607637,712.2551116325874,955.9153789261316,1043.497296683488,1145.1146085045348,1497.78015914476
