model, count, mean, std, min, 25%, 50%, 75%, max
PAM250,10000.0,-2.522573176430876,1.6487303058226757,-7.894575230466571,-3.631799105048256,-2.5636438127991603,-1.393795641571533,3.680654406902285
PAM250 NORM,10000.0,12060.953367276237,3252.7925749728865,1880.6070242402952,9700.225484530876,12346.483155402924,14677.452880917263,18953.71434456859
