model, count, mean, std, min, 25%, 50%, 75%, max
SeqPredNN,10000.0,2.901577341798804,0.3684586251800115,1.8664614240297879,2.6723487878270267,2.8546307490817195,3.1483025221770213,3.9388130159118764
SeqPredNN NORM,10000.0,1031.4351093581113,135.7438302488142,627.8457685908547,942.414988269408,1021.4628816346174,1127.9741712201376,1763.332858510763
