model, count, mean, std, min, 25%, 50%, 75%, max
amino-acid,10000.0,497.6352505101945,2.3651375268158614,487.7644392426858,496.1163591252294,497.71567258536976,499.22547377857904,505.7541845619432
amino-acid NORM,10000.0,48409.461035143526,1875.1170721590784,40570.48147247779,48599.09880385634,49146.16420862268,49406.88411302,50283.43508241855
