model, count, mean, std, min, 25%, 50%, 75%, max
Higgs,10000.0,5567.506578947371,156.04009408763173,4855.473684210527,5466.157894736841,5571.122807017549,5672.640350877204,6170.2807017543855
Higgs NORM,10000.0,18035.40657483748,1274.7862847834372,14178.399999999996,17532.665302050373,18460.523255813958,18925.72295995598,20728.0503144654
