model, count, mean, std, min, 25%, 50%, 75%, max
Koonin,10000.0,580.8891351578942,39.77853164859478,395.72736842105235,554.8615789473672,582.5401754385966,608.6861403508767,714.5631578947368
Koonin NORM,10000.0,5212.010723348585,412.12628671960914,3788.550000000001,4939.706599603714,5192.920280349796,5451.071786333114,8459.729962654415
