model, count, mean, std, min, 25%, 50%, 75%, max
neutral,10000.0,58.095007017543914,0.15577853522993948,58.00000000000003,58.00000000000006,58.00000000000006,58.17543859649128,59.05263157894743
neutral NORM,10000.0,30984.002222222323,87.62658954339648,30933.33333333343,30933.333333333434,30933.333333333434,31022.222222222324,31533.333333333434
