model, count, mean, std, min, 25%, 50%, 75%, max
PAM250,10000.0,-62.908196491228104,9.760291788588537,-95.78947368421056,-69.64912280701759,-63.43859649122811,-56.56140350877197,-21.087719298245627
PAM250 NORM,10000.0,21917.00218659681,3621.815906865026,10088.18181818182,20220.000000000033,22515.294117647092,24873.84615384613,34460.00000000001
