model, count, mean, std, min, 25%, 50%, 75%, max
SeqPredNN,10000.0,55.28777335830048,0.30975747496113126,53.692227473120795,55.090066177989314,55.30014626067137,55.49566791808156,56.72575790303593
SeqPredNN NORM,10000.0,30275.405030267357,608.6297622244052,28706.683401120117,29810.137687981696,30059.00410396736,30825.572877690633,31786.023024528327
